{
  "game1": [
    {
      "name": "Guest",
      "score": 200,
      "time": 1762932236.971141
    },
    {
      "name": "Mary",
      "score": 100,
      "time": 1762712936.423395
    },
    {
      "name": "Andy",
      "score": 150,
      "time": 1762855329.810634
    }
  ],
  "game2": [
    {
      "name": "Amy",
      "score": 150,
      "time": 1762955236.414376
    },
    {
      "name": "Mary",
      "score": 300,
      "time": 1762355216.156245
    }
  ]
}
